9780140328721,Matilda,Roald Dahl,Fiction,1988,Puffin,SH-A1,5
9780439554930,Harry Potter and the Sorcerer's Stone,J.K. Rowling,Fantasy,1997,Scholastic,SH-A2,3
9780061120084,To Kill a Mockingbird,Harper Lee,Classic,1960,Harper Perennial,SH-B1,4
9780307277671,The Road,Cormac McCarthy,Post-Apocalyptic,2006,Vintage,SH-B2,2
9781982137274,Where the Crawdads Sing,Delia Owens,Mystery,2018,G.P. Putnam's Sons,SH-C1,5
9780439023528,The Hunger Games,Suzanne Collins,Dystopian,2008,Scholastic Press,SH-C2,4
9781451673319,Fahrenheit 451,Ray Bradbury,Science Fiction,1953,Simon & Schuster,SH-C3,3
9780140283334,1984,George Orwell,Dystopian,1949,Plume,SH-D1,6
9780307387899,The Book Thief,Markus Zusak,Historical,2005,Knopf,SH-D2,3
9780618260300,The Hobbit,J.R.R. Tolkien,Fantasy,1937,Houghton Mifflin,SH-D3,5
9780141439600,Jane Eyre,Charlotte Bronte,Classic,1847,Penguin,SH-E1,2
9780316769488,The Catcher in the Rye,J.D. Salinger,Fiction,1951,Little Brown,SH-E2,4
9780142424179,Looking for Alaska,John Green,YA,2005,Speak,SH-E3,3
9780590353427,Harry Potter and the Chamber of Secrets,J.K. Rowling,Fantasy,1998,Scholastic,SH-F1,3
9780385472579,Zen and the Art of Motorcycle Maintenance,Robert M. Pirsig,Philosophy,1974,HarperTorch,SH-F2,1
9780743273565,The Great Gatsby,F. Scott Fitzgerald,Classic,1925,Scribner,SH-F3,4
9780553573404,A Game of Thrones,George R.R. Martin,Fantasies,1996,Bantam,SH-G1,2
9780060256654,Where the Wild Things Are,Maurice Sendak,Children,1963,HarperCollins,SH-G2,5
9780375842207,The Maze Runner,James Dashner,Dystopian,2009,Delacorte,SH-G3,3
9780765326355,The Way of Kings,Brandon Sanderson,Fantasy,2010,Tor Books,SH-H1,2
123,test,test,test,1000,test,sha1,1
1234,test,test,test,1000,test,sha2,3
